stage,width,height,channels,pair,before_ms,after_ms
snapshot,800,600,3,0,3.737600,0.340500
snapshot,800,600,3,1,3.737433,0.341267
snapshot,800,600,3,2,3.895633,0.340233
snapshot,800,600,3,3,3.735067,0.341633
snapshot,800,600,3,4,3.845100,0.350833
snapshot,800,600,3,5,3.706667,0.340067
snapshot,800,600,3,6,3.743267,0.343267
snapshot,800,600,3,7,3.739033,0.340467
snapshot,800,600,3,8,3.898200,0.341433
snapshot,800,600,3,9,3.832033,0.337833
snapshot,800,600,3,10,3.736500,0.340900
snapshot,800,600,3,11,3.813800,0.341733
snapshot,800,600,3,12,4.059033,0.341600
snapshot,800,600,3,13,3.718100,0.340000
snapshot,800,600,3,14,3.708967,0.339800
snapshot,800,600,3,15,3.930000,0.340333
snapshot,800,600,3,16,3.708533,0.340033
snapshot,800,600,3,17,3.740133,0.341267
snapshot,800,600,3,18,3.723333,0.391200
snapshot,800,600,3,19,3.734133,0.412967
snapshot,800,600,3,20,3.756633,0.342133
snapshot,800,600,3,21,3.717967,0.339967
snapshot,800,600,3,22,3.714533,0.357833
snapshot,800,600,3,23,3.717467,0.339933
snapshot,800,600,3,24,3.723633,0.341300
snapshot,800,600,3,25,3.723133,0.340433
snapshot,800,600,3,26,3.891767,0.340633
snapshot,800,600,3,27,3.771433,0.343600
snapshot,800,600,3,28,3.804467,0.341700
snapshot,800,600,3,29,3.726533,0.342700
snapshot,800,600,3,30,3.779433,0.341100
snapshot,800,600,3,31,3.743500,0.339400
snapshot,800,600,3,32,3.732633,0.340333
snapshot,800,600,3,33,3.729067,0.414267
snapshot,800,600,3,34,3.840933,0.348100
snapshot,800,600,3,35,3.721200,0.341167
snapshot,800,600,3,36,3.713200,0.341033
snapshot,800,600,3,37,3.770133,0.339467
snapshot,800,600,3,38,3.715933,0.345067
snapshot,800,600,3,39,3.739533,0.345933
snapshot,1920,1080,3,0,16.652667,1.885367
snapshot,1920,1080,3,1,16.993267,1.866500
snapshot,1920,1080,3,2,16.543933,1.913300
snapshot,1920,1080,3,3,16.424533,1.844667
snapshot,1920,1080,3,4,16.722200,1.999067
snapshot,1920,1080,3,5,17.123633,1.916967
snapshot,1920,1080,3,6,16.568633,1.866867
snapshot,1920,1080,3,7,16.633533,1.902833
snapshot,1920,1080,3,8,16.602067,1.872833
snapshot,1920,1080,3,9,16.844667,1.942433
snapshot,1920,1080,3,10,17.359667,1.934567
snapshot,1920,1080,3,11,16.879833,1.908133
snapshot,1920,1080,3,12,16.580533,1.833133
snapshot,1920,1080,3,13,17.618033,1.878433
snapshot,1920,1080,3,14,16.490367,2.026867
snapshot,1920,1080,3,15,16.626133,1.869133
snapshot,1920,1080,3,16,16.524233,1.887433
snapshot,1920,1080,3,17,16.618767,1.869400
snapshot,1920,1080,3,18,16.584033,1.863067
snapshot,1920,1080,3,19,16.647367,1.850533
snapshot,1920,1080,3,20,16.653400,1.830067
snapshot,1920,1080,3,21,16.536833,1.925133
snapshot,1920,1080,3,22,16.919400,2.087700
snapshot,1920,1080,3,23,16.716067,1.881467
snapshot,1920,1080,3,24,16.525567,1.852333
snapshot,1920,1080,3,25,16.685800,1.844467
snapshot,1920,1080,3,26,17.071933,1.946500
snapshot,1920,1080,3,27,16.936800,1.924233
snapshot,1920,1080,3,28,17.123467,1.931300
snapshot,1920,1080,3,29,17.679600,1.888167
snapshot,1920,1080,3,30,16.608900,1.851067
snapshot,1920,1080,3,31,16.815100,1.834067
snapshot,1920,1080,3,32,17.046300,2.111833
snapshot,1920,1080,3,33,16.671367,1.944467
snapshot,1920,1080,3,34,16.524433,1.853900
snapshot,1920,1080,3,35,16.493900,1.838733
snapshot,1920,1080,3,36,16.786267,1.864067
snapshot,1920,1080,3,37,16.783867,1.861833
snapshot,1920,1080,3,38,17.155500,2.039667
snapshot,1920,1080,3,39,17.015967,2.008400
snapshot,1920,1080,4,0,16.949367,1.915767
snapshot,1920,1080,4,1,16.982467,1.942033
snapshot,1920,1080,4,2,16.807933,1.895767
snapshot,1920,1080,4,3,17.407567,1.878833
snapshot,1920,1080,4,4,17.105133,1.871400
snapshot,1920,1080,4,5,16.873033,1.839467
snapshot,1920,1080,4,6,17.086633,1.854600
snapshot,1920,1080,4,7,16.887500,1.848500
snapshot,1920,1080,4,8,17.140333,1.891167
snapshot,1920,1080,4,9,17.903233,1.893533
snapshot,1920,1080,4,10,17.097333,2.170333
snapshot,1920,1080,4,11,16.775933,1.988533
snapshot,1920,1080,4,12,16.902967,1.889333
snapshot,1920,1080,4,13,16.767467,1.865400
snapshot,1920,1080,4,14,17.463633,2.046667
snapshot,1920,1080,4,15,17.569933,1.917500
snapshot,1920,1080,4,16,17.381433,2.009533
snapshot,1920,1080,4,17,16.877400,1.875600
snapshot,1920,1080,4,18,17.221033,1.861633
snapshot,1920,1080,4,19,17.097167,2.054933
snapshot,1920,1080,4,20,17.198867,1.923467
snapshot,1920,1080,4,21,17.252967,2.203967
snapshot,1920,1080,4,22,17.786400,1.896333
snapshot,1920,1080,4,23,17.048600,1.888533
snapshot,1920,1080,4,24,16.815467,2.079867
snapshot,1920,1080,4,25,17.074500,1.908400
snapshot,1920,1080,4,26,17.107267,1.888800
snapshot,1920,1080,4,27,16.917500,2.046733
snapshot,1920,1080,4,28,16.813233,1.849167
snapshot,1920,1080,4,29,16.714667,1.906467
snapshot,1920,1080,4,30,17.381733,1.964033
snapshot,1920,1080,4,31,16.885767,1.849700
snapshot,1920,1080,4,32,16.852567,1.864500
snapshot,1920,1080,4,33,16.739000,1.858333
snapshot,1920,1080,4,34,17.070467,1.983633
snapshot,1920,1080,4,35,17.408033,1.909800
snapshot,1920,1080,4,36,16.732967,1.865000
snapshot,1920,1080,4,37,17.127933,1.846733
snapshot,1920,1080,4,38,16.854533,1.865867
snapshot,1920,1080,4,39,17.135900,2.027367
snapshot,2048,2048,4,0,34.828467,3.894867
snapshot,2048,2048,4,1,33.729100,4.006033
snapshot,2048,2048,4,2,33.887767,3.910000
snapshot,2048,2048,4,3,33.966000,3.892567
snapshot,2048,2048,4,4,34.831867,4.054667
snapshot,2048,2048,4,5,33.924533,3.941367
snapshot,2048,2048,4,6,33.621433,3.903433
snapshot,2048,2048,4,7,34.076167,3.941600
snapshot,2048,2048,4,8,33.788167,3.892600
snapshot,2048,2048,4,9,33.714267,3.849500
snapshot,2048,2048,4,10,33.924967,4.274533
snapshot,2048,2048,4,11,33.896233,4.218300
snapshot,2048,2048,4,12,33.947467,4.007300
snapshot,2048,2048,4,13,33.866867,3.928133
snapshot,2048,2048,4,14,34.164233,3.926967
snapshot,2048,2048,4,15,34.051367,4.202333
snapshot,2048,2048,4,16,33.579667,3.874533
snapshot,2048,2048,4,17,33.736167,3.856267
snapshot,2048,2048,4,18,33.668600,3.884800
snapshot,2048,2048,4,19,34.046700,3.883300
snapshot,2048,2048,4,20,34.389333,3.944467
snapshot,2048,2048,4,21,34.664900,3.889433
snapshot,2048,2048,4,22,34.149067,4.233700
snapshot,2048,2048,4,23,34.052633,3.915867
snapshot,2048,2048,4,24,33.857433,3.913800
snapshot,2048,2048,4,25,34.270600,3.948233
snapshot,2048,2048,4,26,33.798200,3.878600
snapshot,2048,2048,4,27,33.709233,3.962200
snapshot,2048,2048,4,28,33.857133,3.877767
snapshot,2048,2048,4,29,33.511267,3.857833
snapshot,2048,2048,4,30,33.836833,3.872133
snapshot,2048,2048,4,31,33.676500,3.878100
snapshot,2048,2048,4,32,34.100767,4.292333
snapshot,2048,2048,4,33,33.946933,4.204233
snapshot,2048,2048,4,34,33.568333,3.920067
snapshot,2048,2048,4,35,34.718000,3.909167
snapshot,2048,2048,4,36,33.924767,3.864933
snapshot,2048,2048,4,37,33.828667,3.840567
snapshot,2048,2048,4,38,33.754467,3.927533
snapshot,2048,2048,4,39,34.852533,4.196100
snapshot,3840,2160,3,0,18.719600,9.337867
snapshot,3840,2160,3,1,19.305300,9.230367
snapshot,3840,2160,3,2,18.822533,9.418967
snapshot,3840,2160,3,3,18.869833,9.514333
snapshot,3840,2160,3,4,18.804700,9.365367
snapshot,3840,2160,3,5,19.075833,9.333467
snapshot,3840,2160,3,6,19.336600,9.335833
snapshot,3840,2160,3,7,18.942333,9.355533
snapshot,3840,2160,3,8,19.093367,9.894867
snapshot,3840,2160,3,9,18.813600,9.603033
snapshot,3840,2160,3,10,18.780400,9.344633
snapshot,3840,2160,3,11,20.154867,9.285067
snapshot,3840,2160,3,12,19.136633,9.634667
snapshot,3840,2160,3,13,18.764700,9.738700
snapshot,3840,2160,3,14,18.610533,9.300733
snapshot,3840,2160,3,15,19.248267,9.245967
snapshot,3840,2160,3,16,18.600833,9.568867
snapshot,3840,2160,3,17,18.966900,9.477133
snapshot,3840,2160,3,18,18.652833,10.015533
snapshot,3840,2160,3,19,18.606433,9.560467
snapshot,3840,2160,3,20,18.989100,9.477067
snapshot,3840,2160,3,21,18.886533,9.267267
snapshot,3840,2160,3,22,18.906567,9.691167
snapshot,3840,2160,3,23,19.144567,9.320600
snapshot,3840,2160,3,24,19.066433,9.698533
snapshot,3840,2160,3,25,18.610233,9.716100
snapshot,3840,2160,3,26,18.620200,9.328633
snapshot,3840,2160,3,27,18.617800,9.253733
snapshot,3840,2160,3,28,19.249500,9.433967
snapshot,3840,2160,3,29,18.565800,9.441800
snapshot,3840,2160,3,30,18.773867,9.784933
snapshot,3840,2160,3,31,18.896300,9.436133
snapshot,3840,2160,3,32,18.694233,9.647900
snapshot,3840,2160,3,33,18.649533,9.475733
snapshot,3840,2160,3,34,18.816833,9.375600
snapshot,3840,2160,3,35,19.365633,9.254067
snapshot,3840,2160,3,36,18.633300,9.219900
snapshot,3840,2160,3,37,18.779367,9.261967
snapshot,3840,2160,3,38,18.754733,9.921333
snapshot,3840,2160,3,39,19.094533,9.870967
snapshot,3840,2160,4,0,19.044767,9.343667
snapshot,3840,2160,4,1,19.345500,9.793000
snapshot,3840,2160,4,2,19.715800,9.424967
snapshot,3840,2160,4,3,19.075467,9.325900
snapshot,3840,2160,4,4,19.005400,10.046667
snapshot,3840,2160,4,5,19.185467,9.752667
snapshot,3840,2160,4,6,19.145733,10.420867
snapshot,3840,2160,4,7,19.127233,9.480333
snapshot,3840,2160,4,8,19.401600,9.690733
snapshot,3840,2160,4,9,19.851067,9.989867
snapshot,3840,2160,4,10,19.663000,9.615267
snapshot,3840,2160,4,11,19.326600,9.317133
snapshot,3840,2160,4,12,19.486467,9.404567
snapshot,3840,2160,4,13,19.578333,9.628833
snapshot,3840,2160,4,14,19.088033,9.552567
snapshot,3840,2160,4,15,19.040067,10.152600
snapshot,3840,2160,4,16,19.422033,9.561767
snapshot,3840,2160,4,17,19.398233,9.387033
snapshot,3840,2160,4,18,19.285500,9.595433
snapshot,3840,2160,4,19,19.428967,9.466633
snapshot,3840,2160,4,20,19.435333,9.358700
snapshot,3840,2160,4,21,19.462000,9.241467
snapshot,3840,2160,4,22,19.571333,9.432867
snapshot,3840,2160,4,23,19.101067,9.740967
snapshot,3840,2160,4,24,18.978900,9.463200
snapshot,3840,2160,4,25,19.292167,9.351533
snapshot,3840,2160,4,26,18.970800,9.582200
snapshot,3840,2160,4,27,19.053600,9.322367
snapshot,3840,2160,4,28,19.478300,9.741900
snapshot,3840,2160,4,29,19.104133,9.956733
snapshot,3840,2160,4,30,19.078533,9.389033
snapshot,3840,2160,4,31,18.940167,9.273000
snapshot,3840,2160,4,32,19.173867,9.251633
snapshot,3840,2160,4,33,19.854200,9.455067
snapshot,3840,2160,4,34,19.046400,9.484233
snapshot,3840,2160,4,35,19.328200,9.475233
snapshot,3840,2160,4,36,19.422300,9.501667
snapshot,3840,2160,4,37,19.029533,10.058167
snapshot,3840,2160,4,38,19.422100,9.263167
snapshot,3840,2160,4,39,19.040633,9.562633
snapshot,6000,4000,3,0,22.357133,11.397900
snapshot,6000,4000,3,1,22.660400,12.534900
snapshot,6000,4000,3,2,23.260967,11.167333
snapshot,6000,4000,3,3,22.052400,11.181767
snapshot,6000,4000,3,4,22.747933,11.522933
snapshot,6000,4000,3,5,22.508833,11.154333
snapshot,6000,4000,3,6,23.017267,11.221533
snapshot,6000,4000,3,7,22.628333,11.515000
snapshot,6000,4000,3,8,22.483200,11.192700
snapshot,6000,4000,3,9,22.334233,11.232800
snapshot,6000,4000,3,10,22.603000,11.143967
snapshot,6000,4000,3,11,22.420467,11.427667
snapshot,6000,4000,3,12,22.129267,11.179300
snapshot,6000,4000,3,13,22.240667,11.569700
snapshot,6000,4000,3,14,22.287367,11.144367
snapshot,6000,4000,3,15,22.655167,11.085667
snapshot,6000,4000,3,16,22.705567,11.192400
snapshot,6000,4000,3,17,22.064733,11.257233
snapshot,6000,4000,3,18,22.153800,11.079267
snapshot,6000,4000,3,19,22.665600,11.989300
snapshot,6000,4000,3,20,22.273400,11.373533
snapshot,6000,4000,3,21,22.362033,12.227433
snapshot,6000,4000,3,22,22.289467,11.273667
snapshot,6000,4000,3,23,22.540400,11.227133
snapshot,6000,4000,3,24,22.258800,11.147933
snapshot,6000,4000,3,25,22.259633,12.066800
snapshot,6000,4000,3,26,23.355133,11.121567
snapshot,6000,4000,3,27,22.199267,11.244033
snapshot,6000,4000,3,28,22.205667,11.150233
snapshot,6000,4000,3,29,22.769800,11.197700
snapshot,6000,4000,3,30,22.084333,11.824500
snapshot,6000,4000,3,31,22.458333,11.323833
snapshot,6000,4000,3,32,22.282700,11.273400
snapshot,6000,4000,3,33,22.428867,11.236600
snapshot,6000,4000,3,34,22.313400,11.106367
snapshot,6000,4000,3,35,23.505133,11.366200
snapshot,6000,4000,3,36,22.192833,11.787267
snapshot,6000,4000,3,37,22.440000,11.130033
snapshot,6000,4000,3,38,22.516233,11.265733
snapshot,6000,4000,3,39,22.096300,11.302033
snapshot,6000,4000,4,0,22.858700,11.553867
snapshot,6000,4000,4,1,22.851867,11.204767
snapshot,6000,4000,4,2,22.804600,11.280000
snapshot,6000,4000,4,3,22.721533,11.326433
snapshot,6000,4000,4,4,23.508033,11.840833
snapshot,6000,4000,4,5,22.547300,11.350000
snapshot,6000,4000,4,6,22.913700,12.258233
snapshot,6000,4000,4,7,22.816333,11.435767
snapshot,6000,4000,4,8,22.958900,11.156300
snapshot,6000,4000,4,9,23.801500,11.283900
snapshot,6000,4000,4,10,22.918033,11.956833
snapshot,6000,4000,4,11,22.634900,11.419700
snapshot,6000,4000,4,12,22.797167,11.342700
snapshot,6000,4000,4,13,22.533700,11.126800
snapshot,6000,4000,4,14,22.651467,11.398100
snapshot,6000,4000,4,15,22.773900,11.346867
snapshot,6000,4000,4,16,23.001033,11.980867
snapshot,6000,4000,4,17,23.209900,11.242667
snapshot,6000,4000,4,18,23.129900,11.155867
snapshot,6000,4000,4,19,22.847400,11.202867
snapshot,6000,4000,4,20,22.986000,11.223900
snapshot,6000,4000,4,21,22.695100,11.227867
snapshot,6000,4000,4,22,23.431833,11.232633
snapshot,6000,4000,4,23,22.572567,11.221200
snapshot,6000,4000,4,24,22.568500,11.265333
snapshot,6000,4000,4,25,22.916000,12.020933
snapshot,6000,4000,4,26,23.527500,12.062133
snapshot,6000,4000,4,27,23.178433,11.532733
snapshot,6000,4000,4,28,23.427700,11.239500
snapshot,6000,4000,4,29,23.796133,11.338900
snapshot,6000,4000,4,30,22.812933,11.819467
snapshot,6000,4000,4,31,23.044167,11.815867
snapshot,6000,4000,4,32,23.062967,11.269867
snapshot,6000,4000,4,33,23.375667,11.312633
snapshot,6000,4000,4,34,22.670567,11.632700
snapshot,6000,4000,4,35,23.390267,11.297533
snapshot,6000,4000,4,36,23.568000,11.517033
snapshot,6000,4000,4,37,23.047867,11.154800
snapshot,6000,4000,4,38,22.785133,11.778967
snapshot,6000,4000,4,39,22.728967,11.495433
snapshot_plus_windows_ocr,800,600,3,0,20.959300,18.150700
snapshot_plus_windows_ocr,800,600,3,1,21.307000,16.992900
snapshot_plus_windows_ocr,800,600,3,2,20.717500,18.847600
snapshot_plus_windows_ocr,800,600,3,3,20.927600,17.219400
snapshot_plus_windows_ocr,800,600,3,4,20.082600,16.404100
snapshot_plus_windows_ocr,800,600,3,5,20.365200,17.060100
snapshot_plus_windows_ocr,800,600,3,6,20.569800,16.743700
snapshot_plus_windows_ocr,800,600,3,7,20.370800,16.632000
snapshot_plus_windows_ocr,800,600,3,8,22.837300,17.312600
snapshot_plus_windows_ocr,800,600,3,9,19.788900,17.408700
snapshot_plus_windows_ocr,800,600,3,10,21.347800,17.640400
snapshot_plus_windows_ocr,800,600,3,11,19.958100,18.360000
snapshot_plus_windows_ocr,800,600,3,12,19.720300,17.011700
snapshot_plus_windows_ocr,800,600,3,13,21.256900,16.424500
snapshot_plus_windows_ocr,800,600,3,14,20.369500,16.580400
snapshot_plus_windows_ocr,800,600,3,15,23.028600,16.705100
snapshot_plus_windows_ocr,800,600,3,16,21.077800,17.029500
snapshot_plus_windows_ocr,800,600,3,17,20.010300,16.584300
snapshot_plus_windows_ocr,800,600,3,18,20.394000,20.439600
snapshot_plus_windows_ocr,800,600,3,19,19.849300,17.382300
snapshot_plus_windows_ocr,800,600,3,20,21.081900,16.674200
snapshot_plus_windows_ocr,800,600,3,21,21.750800,17.237600
snapshot_plus_windows_ocr,800,600,3,22,20.900000,17.882200
snapshot_plus_windows_ocr,800,600,3,23,20.459700,16.385300
snapshot_plus_windows_ocr,1920,1080,4,0,49.239000,33.703300
snapshot_plus_windows_ocr,1920,1080,4,1,49.569500,34.087400
snapshot_plus_windows_ocr,1920,1080,4,2,53.206100,33.465300
snapshot_plus_windows_ocr,1920,1080,4,3,50.354800,35.114100
snapshot_plus_windows_ocr,1920,1080,4,4,51.273300,34.463600
snapshot_plus_windows_ocr,1920,1080,4,5,50.674500,34.181400
snapshot_plus_windows_ocr,1920,1080,4,6,48.882200,33.799300
snapshot_plus_windows_ocr,1920,1080,4,7,49.432900,35.925800
snapshot_plus_windows_ocr,1920,1080,4,8,48.590800,33.461900
snapshot_plus_windows_ocr,1920,1080,4,9,48.975900,34.405900
snapshot_plus_windows_ocr,1920,1080,4,10,48.154500,34.038200
snapshot_plus_windows_ocr,1920,1080,4,11,49.349000,34.549400
snapshot_plus_windows_ocr,1920,1080,4,12,49.446200,34.540100
snapshot_plus_windows_ocr,1920,1080,4,13,49.125400,34.281100
snapshot_plus_windows_ocr,1920,1080,4,14,50.452400,34.011400
snapshot_plus_windows_ocr,1920,1080,4,15,48.703900,33.868400
snapshot_plus_windows_ocr,1920,1080,4,16,52.506800,34.743100
snapshot_plus_windows_ocr,1920,1080,4,17,49.282400,33.789200
snapshot_plus_windows_ocr,1920,1080,4,18,48.714300,36.582900
snapshot_plus_windows_ocr,1920,1080,4,19,48.276700,34.342900
snapshot_plus_windows_ocr,1920,1080,4,20,49.490500,33.138900
snapshot_plus_windows_ocr,1920,1080,4,21,48.843700,33.627100
snapshot_plus_windows_ocr,1920,1080,4,22,49.336100,34.681000
snapshot_plus_windows_ocr,1920,1080,4,23,49.943100,33.429500
snapshot_plus_windows_ocr,3840,2160,4,0,53.620300,43.993200
snapshot_plus_windows_ocr,3840,2160,4,1,55.134500,46.493300
snapshot_plus_windows_ocr,3840,2160,4,2,56.766200,46.162900
snapshot_plus_windows_ocr,3840,2160,4,3,54.681200,47.233400
snapshot_plus_windows_ocr,3840,2160,4,4,58.595600,45.353200
snapshot_plus_windows_ocr,3840,2160,4,5,54.574100,46.655700
snapshot_plus_windows_ocr,3840,2160,4,6,56.897100,44.351000
snapshot_plus_windows_ocr,3840,2160,4,7,57.448600,44.176400
snapshot_plus_windows_ocr,3840,2160,4,8,53.892700,45.238300
snapshot_plus_windows_ocr,3840,2160,4,9,54.808200,44.245200
snapshot_plus_windows_ocr,3840,2160,4,10,54.133400,46.456000
snapshot_plus_windows_ocr,3840,2160,4,11,56.681000,44.397200
snapshot_plus_windows_ocr,3840,2160,4,12,54.614000,44.494300
snapshot_plus_windows_ocr,3840,2160,4,13,54.792200,46.809100
snapshot_plus_windows_ocr,3840,2160,4,14,55.095500,44.794000
snapshot_plus_windows_ocr,3840,2160,4,15,54.013800,43.295900
snapshot_plus_windows_ocr,3840,2160,4,16,54.577100,47.225200
snapshot_plus_windows_ocr,3840,2160,4,17,54.250600,44.532300
snapshot_plus_windows_ocr,3840,2160,4,18,53.894500,46.803200
snapshot_plus_windows_ocr,3840,2160,4,19,56.937900,45.585200
snapshot_plus_windows_ocr,3840,2160,4,20,54.579100,45.280100
snapshot_plus_windows_ocr,3840,2160,4,21,53.325600,45.080500
snapshot_plus_windows_ocr,3840,2160,4,22,54.282000,45.857400
snapshot_plus_windows_ocr,3840,2160,4,23,55.191200,44.639800
snapshot_plus_windows_ocr,6000,4000,3,0,62.138300,53.421500
snapshot_plus_windows_ocr,6000,4000,3,1,64.275600,56.493500
snapshot_plus_windows_ocr,6000,4000,3,2,64.237800,52.554400
snapshot_plus_windows_ocr,6000,4000,3,3,64.328600,54.941000
snapshot_plus_windows_ocr,6000,4000,3,4,62.689500,51.566900
snapshot_plus_windows_ocr,6000,4000,3,5,63.337400,51.957800
snapshot_plus_windows_ocr,6000,4000,3,6,63.080600,52.710600
snapshot_plus_windows_ocr,6000,4000,3,7,64.382700,52.035700
snapshot_plus_windows_ocr,6000,4000,3,8,64.116400,52.141200
snapshot_plus_windows_ocr,6000,4000,3,9,62.058800,52.964400
snapshot_plus_windows_ocr,6000,4000,3,10,63.760300,56.204300
snapshot_plus_windows_ocr,6000,4000,3,11,62.464100,51.687800
snapshot_plus_windows_ocr,6000,4000,3,12,62.777200,52.143100
snapshot_plus_windows_ocr,6000,4000,3,13,63.065700,52.416300
snapshot_plus_windows_ocr,6000,4000,3,14,62.626300,52.981500
snapshot_plus_windows_ocr,6000,4000,3,15,63.857900,53.936100
snapshot_plus_windows_ocr,6000,4000,3,16,62.911500,53.061700
snapshot_plus_windows_ocr,6000,4000,3,17,65.210700,53.507900
snapshot_plus_windows_ocr,6000,4000,3,18,64.842400,52.037400
snapshot_plus_windows_ocr,6000,4000,3,19,63.279600,53.224100
snapshot_plus_windows_ocr,6000,4000,3,20,63.812900,51.551600
snapshot_plus_windows_ocr,6000,4000,3,21,64.287100,52.947800
snapshot_plus_windows_ocr,6000,4000,3,22,65.672400,54.093100
snapshot_plus_windows_ocr,6000,4000,3,23,61.483700,51.765100
