stage,width,height,channels,pairs,before_median_ms,after_median_ms,speedup,before_p95_ms,after_p95_ms,words
snapshot,800,600,3,40,3.753367,0.341267,10.998340,3.952067,0.442500,0
snapshot,1920,1080,3,40,16.651267,1.913333,8.702753,17.134733,2.099867,0
snapshot,1920,1080,4,40,16.967300,1.897233,8.943180,17.397133,2.124267,0
snapshot,2048,2048,4,40,34.135167,3.933767,8.677476,34.856467,4.253767,0
snapshot,3840,2160,3,40,18.843300,9.424167,1.999466,19.531233,9.915433,0
snapshot,3840,2160,4,40,19.373700,9.487933,2.041930,20.090400,9.988033,0
snapshot,6000,4000,3,40,22.561933,11.340633,1.989477,23.277667,11.914000,0
snapshot,6000,4000,4,40,23.025467,11.326567,2.032873,23.776867,11.866033,0
snapshot_plus_windows_ocr,800,600,3,24,20.475100,16.805900,1.218328,22.196500,18.140100,73
snapshot_plus_windows_ocr,1920,1080,4,24,49.209600,34.441900,1.428771,50.531000,36.200800,85
snapshot_plus_windows_ocr,3840,2160,4,24,54.952200,45.389500,1.210681,56.962000,48.029200,85
snapshot_plus_windows_ocr,6000,4000,3,24,64.286100,52.573000,1.222797,71.114700,57.011300,94
